station_id,fuel_code,price_eur,date
2308,95,1.465,2026-04-08
2308,dizel,1.807,2026-04-08
2309,95,1.465,2026-04-08
2309,dizel,1.807,2026-04-08
2328,95,1.465,2026-04-08
2328,dizel,1.807,2026-04-08
2313,95,1.473,2026-04-08
2313,dizel,1.463,2026-04-08
2313,KOEL,1.099,2026-04-08
2314,95,1.536,2026-04-08
2314,dizel,1.651,2026-04-08
2314,KOEL,1.233,2026-04-08
2302,95,1.616,2026-04-08
2302,dizel,1.807,2026-04-08
2302,KOEL,1.456,2026-04-08
2303,95,1.616,2026-04-08
2303,dizel,1.807,2026-04-08
2303,KOEL,1.456,2026-04-08
2304,95,1.616,2026-04-08
2304,dizel,1.807,2026-04-08
2304,100,1.688,2026-04-08
2304,KOEL,1.456,2026-04-08
2305,95,1.616,2026-04-08
2305,dizel,1.807,2026-04-08
2305,avtoplin-lpg,0.89,2026-04-08
2305,KOEL,1.456,2026-04-08
2307,95,1.616,2026-04-08
2307,dizel,1.807,2026-04-08
2307,KOEL,1.456,2026-04-08
2324,95,1.616,2026-04-08
2324,dizel,1.807,2026-04-08
2324,100,1.688,2026-04-08
2324,KOEL,1.456,2026-04-08
769,95,1.653,2026-04-08
769,dizel,1.894,2026-04-08
771,95,1.653,2026-04-08
771,dizel,1.894,2026-04-08
771,100,1.955,2026-04-08
771,dizel-premium,2.083,2026-04-08
771,KOEL,1.555,2026-04-08
773,95,1.653,2026-04-08
773,dizel,1.894,2026-04-08
773,100,1.955,2026-04-08
773,KOEL,1.555,2026-04-08
774,95,1.653,2026-04-08
774,dizel,1.894,2026-04-08
774,100,1.955,2026-04-08
775,95,1.653,2026-04-08
775,dizel,1.894,2026-04-08
775,100,1.955,2026-04-08
775,dizel-premium,2.083,2026-04-08
776,95,1.653,2026-04-08
776,dizel,1.894,2026-04-08
776,100,1.955,2026-04-08
776,KOEL,1.555,2026-04-08
779,95,1.653,2026-04-08
779,dizel,1.894,2026-04-08
779,100,1.955,2026-04-08
779,KOEL,1.555,2026-04-08
780,95,1.653,2026-04-08
780,dizel,1.894,2026-04-08
780,100,1.955,2026-04-08
780,dizel-premium,1.673,2026-04-08
780,KOEL,1.555,2026-04-08
783,95,1.653,2026-04-08
783,dizel,1.894,2026-04-08
783,100,1.955,2026-04-08
783,KOEL,1.555,2026-04-08
789,95,1.653,2026-04-08
789,dizel,1.894,2026-04-08
789,100,1.955,2026-04-08
789,dizel-premium,2.083,2026-04-08
789,avtoplin-lpg,1.048,2026-04-08
794,95,1.653,2026-04-08
794,dizel,1.894,2026-04-08
797,95,1.653,2026-04-08
797,dizel,1.894,2026-04-08
797,100,1.955,2026-04-08
797,dizel-premium,2.083,2026-04-08
797,KOEL,1.555,2026-04-08
798,95,1.653,2026-04-08
798,dizel,1.894,2026-04-08
798,100,1.955,2026-04-08
798,dizel-premium,2.083,2026-04-08
800,95,1.653,2026-04-08
800,dizel,1.894,2026-04-08
800,100,1.955,2026-04-08
800,dizel-premium,2.083,2026-04-08
802,95,1.653,2026-04-08
802,dizel,1.894,2026-04-08
802,100,1.955,2026-04-08
804,95,1.653,2026-04-08
804,dizel,1.894,2026-04-08
804,100,1.999,2026-04-08
804,dizel-premium,2.133,2026-04-08
804,avtoplin-lpg,1.048,2026-04-08
806,95,1.653,2026-04-08
806,dizel,1.894,2026-04-08
806,100,1.955,2026-04-08
807,95,1.653,2026-04-08
807,dizel,1.894,2026-04-08
807,100,1.955,2026-04-08
807,dizel-premium,2.083,2026-04-08
807,KOEL,1.555,2026-04-08
808,95,1.653,2026-04-08
808,dizel,1.894,2026-04-08
808,100,1.955,2026-04-08
809,95,1.653,2026-04-08
809,dizel,1.894,2026-04-08
809,100,1.955,2026-04-08
810,95,1.653,2026-04-08
810,dizel,1.894,2026-04-08
810,100,1.955,2026-04-08
810,dizel-premium,2.083,2026-04-08
810,KOEL,1.555,2026-04-08
811,95,1.653,2026-04-08
811,dizel,1.894,2026-04-08
812,95,1.653,2026-04-08
812,dizel,1.894,2026-04-08
812,100,1.955,2026-04-08
812,dizel-premium,2.083,2026-04-08
813,95,1.653,2026-04-08
813,dizel,1.894,2026-04-08
813,100,1.955,2026-04-08
814,95,1.653,2026-04-08
814,dizel,1.894,2026-04-08
814,100,1.955,2026-04-08
814,KOEL,1.555,2026-04-08
815,95,1.653,2026-04-08
815,dizel,1.894,2026-04-08
815,100,1.955,2026-04-08
815,dizel-premium,2.083,2026-04-08
815,KOEL,1.555,2026-04-08
816,95,1.653,2026-04-08
816,dizel,1.894,2026-04-08
816,100,1.955,2026-04-08
817,95,1.653,2026-04-08
817,dizel,1.894,2026-04-08
817,100,1.955,2026-04-08
817,dizel-premium,2.083,2026-04-08
818,95,1.653,2026-04-08
818,dizel,1.894,2026-04-08
818,100,1.955,2026-04-08
819,95,1.653,2026-04-08
819,dizel,1.894,2026-04-08
819,100,1.955,2026-04-08
819,dizel-premium,2.083,2026-04-08
820,95,1.653,2026-04-08
820,dizel,1.894,2026-04-08
820,100,1.955,2026-04-08
820,dizel-premium,2.083,2026-04-08
824,95,1.653,2026-04-08
824,dizel,1.894,2026-04-08
826,95,1.653,2026-04-08
826,dizel,1.894,2026-04-08
826,100,1.955,2026-04-08
826,KOEL,1.555,2026-04-08
832,95,1.653,2026-04-08
832,dizel,1.894,2026-04-08
834,95,1.653,2026-04-08
834,dizel,1.894,2026-04-08
834,100,1.955,2026-04-08
834,KOEL,1.555,2026-04-08
835,95,1.653,2026-04-08
835,dizel,1.894,2026-04-08
835,100,1.955,2026-04-08
835,dizel-premium,2.083,2026-04-08
835,KOEL,1.555,2026-04-08
836,95,1.653,2026-04-08
836,dizel,1.894,2026-04-08
836,100,1.955,2026-04-08
836,dizel-premium,2.083,2026-04-08
838,95,1.653,2026-04-08
838,dizel,1.894,2026-04-08
838,100,1.955,2026-04-08
838,dizel-premium,2.083,2026-04-08
838,KOEL,1.555,2026-04-08
839,95,1.653,2026-04-08
839,dizel,1.894,2026-04-08
839,100,1.955,2026-04-08
840,95,1.653,2026-04-08
840,dizel,1.894,2026-04-08
840,100,1.955,2026-04-08
840,dizel-premium,2.083,2026-04-08
841,95,1.653,2026-04-08
841,dizel,1.894,2026-04-08
841,100,1.955,2026-04-08
841,dizel-premium,2.083,2026-04-08
842,95,1.653,2026-04-08
842,dizel,1.894,2026-04-08
842,100,1.955,2026-04-08
842,KOEL,1.555,2026-04-08
846,95,1.653,2026-04-08
846,dizel,1.894,2026-04-08
846,100,1.955,2026-04-08
846,KOEL,1.555,2026-04-08
849,95,1.653,2026-04-08
849,dizel,1.894,2026-04-08
849,100,1.955,2026-04-08
849,dizel-premium,2.083,2026-04-08
851,95,1.653,2026-04-08
851,dizel,1.894,2026-04-08
851,100,1.955,2026-04-08
851,dizel-premium,2.083,2026-04-08
852,95,1.653,2026-04-08
852,dizel,1.894,2026-04-08
853,95,1.653,2026-04-08
853,dizel,1.894,2026-04-08
853,100,1.955,2026-04-08
854,95,1.653,2026-04-08
854,dizel,1.894,2026-04-08
854,100,1.955,2026-04-08
854,dizel-premium,2.083,2026-04-08
855,95,1.653,2026-04-08
855,dizel,1.894,2026-04-08
855,100,1.955,2026-04-08
855,KOEL,1.555,2026-04-08
856,95,1.653,2026-04-08
856,dizel,1.894,2026-04-08
856,100,1.955,2026-04-08
856,dizel-premium,2.083,2026-04-08
856,avtoplin-lpg,1.048,2026-04-08
857,95,1.653,2026-04-08
857,dizel,1.894,2026-04-08
857,100,1.955,2026-04-08
857,dizel-premium,2.083,2026-04-08
857,KOEL,1.555,2026-04-08
858,95,1.653,2026-04-08
858,dizel,1.894,2026-04-08
858,100,1.955,2026-04-08
858,KOEL,1.555,2026-04-08
859,95,1.653,2026-04-08
859,dizel,1.894,2026-04-08
862,95,1.653,2026-04-08
862,dizel,1.894,2026-04-08
862,100,1.955,2026-04-08
862,dizel-premium,2.083,2026-04-08
862,KOEL,1.555,2026-04-08
863,95,1.653,2026-04-08
863,dizel,1.894,2026-04-08
863,100,1.999,2026-04-08
863,avtoplin-lpg,1.048,2026-04-08
863,KOEL,1.555,2026-04-08
864,95,1.653,2026-04-08
864,dizel,1.894,2026-04-08
864,100,1.999,2026-04-08
865,95,1.653,2026-04-08
865,dizel,1.894,2026-04-08
865,100,1.955,2026-04-08
865,dizel-premium,2.083,2026-04-08
865,KOEL,1.555,2026-04-08
866,95,1.653,2026-04-08
866,dizel,1.894,2026-04-08
866,100,1.955,2026-04-08
867,95,1.653,2026-04-08
867,dizel,1.894,2026-04-08
867,100,1.955,2026-04-08
869,95,1.653,2026-04-08
869,dizel,1.894,2026-04-08
869,100,1.955,2026-04-08
869,dizel-premium,2.083,2026-04-08
869,KOEL,1.555,2026-04-08
870,95,1.653,2026-04-08
870,dizel,1.894,2026-04-08
870,100,1.955,2026-04-08
871,95,1.653,2026-04-08
871,dizel,1.894,2026-04-08
871,100,1.955,2026-04-08
871,dizel-premium,2.083,2026-04-08
871,KOEL,1.555,2026-04-08
872,95,1.653,2026-04-08
872,dizel,1.894,2026-04-08
872,100,1.955,2026-04-08
872,dizel-premium,2.083,2026-04-08
873,95,1.653,2026-04-08
873,dizel,1.894,2026-04-08
873,100,1.955,2026-04-08
874,95,1.653,2026-04-08
874,dizel,1.894,2026-04-08
874,100,1.955,2026-04-08
874,dizel-premium,2.083,2026-04-08
874,KOEL,1.555,2026-04-08
875,95,1.653,2026-04-08
875,dizel,1.894,2026-04-08
875,100,1.955,2026-04-08
875,KOEL,1.555,2026-04-08
1548,95,1.653,2026-04-08
1548,dizel,1.894,2026-04-08
1548,100,1.955,2026-04-08
1548,dizel-premium,2.083,2026-04-08
1552,95,1.653,2026-04-08
1552,dizel,1.894,2026-04-08
1552,100,1.955,2026-04-08
1552,dizel-premium,2.083,2026-04-08
1553,95,1.653,2026-04-08
1553,dizel,1.894,2026-04-08
1553,100,1.955,2026-04-08
1553,dizel-premium,2.083,2026-04-08
1554,95,1.653,2026-04-08
1554,dizel,1.894,2026-04-08
1554,100,1.955,2026-04-08
1554,dizel-premium,2.083,2026-04-08
1555,95,1.653,2026-04-08
1555,dizel,1.894,2026-04-08
1555,100,1.955,2026-04-08
1555,dizel-premium,2.083,2026-04-08
1556,95,1.653,2026-04-08
1556,dizel,1.894,2026-04-08
1556,100,1.955,2026-04-08
1556,dizel-premium,2.083,2026-04-08
1557,95,1.653,2026-04-08
1557,dizel,1.894,2026-04-08
1557,100,1.955,2026-04-08
1557,dizel-premium,2.083,2026-04-08
1560,95,1.653,2026-04-08
1560,dizel,1.894,2026-04-08
1560,100,1.955,2026-04-08
1560,dizel-premium,2.083,2026-04-08
1560,avtoplin-lpg,1.048,2026-04-08
1561,95,1.653,2026-04-08
1561,dizel,1.894,2026-04-08
1561,100,1.955,2026-04-08
1561,dizel-premium,2.083,2026-04-08
1561,avtoplin-lpg,1.048,2026-04-08
1561,KOEL,1.555,2026-04-08
1563,95,1.653,2026-04-08
1563,dizel,1.894,2026-04-08
1563,100,1.955,2026-04-08
1563,dizel-premium,2.083,2026-04-08
1564,95,1.653,2026-04-08
1564,dizel,1.894,2026-04-08
1564,100,1.955,2026-04-08
1564,dizel-premium,2.083,2026-04-08
1567,95,1.653,2026-04-08
1567,dizel,1.894,2026-04-08
1567,100,1.955,2026-04-08
1567,dizel-premium,2.083,2026-04-08
1571,95,1.653,2026-04-08
1571,dizel,1.894,2026-04-08
1571,100,1.955,2026-04-08
1571,dizel-premium,2.083,2026-04-08
1571,avtoplin-lpg,1.048,2026-04-08
1572,95,1.653,2026-04-08
1572,dizel,1.894,2026-04-08
1572,100,1.955,2026-04-08
1572,dizel-premium,2.083,2026-04-08
1575,95,1.653,2026-04-08
1575,dizel,1.894,2026-04-08
1575,100,1.955,2026-04-08
1575,dizel-premium,2.083,2026-04-08
1576,95,1.653,2026-04-08
1576,dizel,1.894,2026-04-08
1576,100,1.955,2026-04-08
1576,dizel-premium,2.083,2026-04-08
1579,95,1.653,2026-04-08
1579,dizel,1.894,2026-04-08
1579,100,1.955,2026-04-08
1579,dizel-premium,2.083,2026-04-08
1580,95,1.653,2026-04-08
1580,dizel,1.894,2026-04-08
1580,100,1.955,2026-04-08
1580,dizel-premium,2.083,2026-04-08
1580,avtoplin-lpg,1.048,2026-04-08
1581,95,1.653,2026-04-08
1581,dizel,1.894,2026-04-08
1581,100,1.955,2026-04-08
1581,dizel-premium,2.083,2026-04-08
1581,avtoplin-lpg,1.048,2026-04-08
1587,95,1.653,2026-04-08
1587,dizel,1.894,2026-04-08
1587,100,1.955,2026-04-08
1587,dizel-premium,2.083,2026-04-08
1590,95,1.653,2026-04-08
1590,dizel,1.894,2026-04-08
1590,100,1.955,2026-04-08
1590,dizel-premium,2.083,2026-04-08
1591,95,1.653,2026-04-08
1591,dizel,1.894,2026-04-08
1591,100,1.955,2026-04-08
1591,dizel-premium,2.083,2026-04-08
1592,95,1.653,2026-04-08
1592,dizel,1.894,2026-04-08
1592,100,1.955,2026-04-08
1592,dizel-premium,2.083,2026-04-08
1593,95,1.653,2026-04-08
1593,dizel,1.894,2026-04-08
1593,100,1.955,2026-04-08
1593,dizel-premium,2.083,2026-04-08
1593,avtoplin-lpg,1.048,2026-04-08
1921,95,1.653,2026-04-08
1921,dizel,1.894,2026-04-08
1921,100,1.905,2026-04-08
1922,95,1.653,2026-04-08
1922,dizel,1.894,2026-04-08
1922,KOEL,1.555,2026-04-08
1924,95,1.653,2026-04-08
1924,dizel,1.894,2026-04-08
1924,KOEL,1.555,2026-04-08
1925,95,1.653,2026-04-08
1925,dizel,1.894,2026-04-08
1925,KOEL,1.555,2026-04-08
1926,95,1.653,2026-04-08
1926,dizel,1.894,2026-04-08
1926,KOEL,1.555,2026-04-08
1927,95,1.653,2026-04-08
1927,dizel,1.894,2026-04-08
1928,95,1.653,2026-04-08
1928,dizel,1.894,2026-04-08
1928,100,1.905,2026-04-08
1928,KOEL,1.555,2026-04-08
1929,95,1.653,2026-04-08
1929,dizel,1.894,2026-04-08
1929,100,1.905,2026-04-08
1929,KOEL,1.555,2026-04-08
1930,95,1.653,2026-04-08
1930,dizel,1.894,2026-04-08
1930,KOEL,1.555,2026-04-08
1931,95,1.653,2026-04-08
1931,dizel,1.894,2026-04-08
1931,KOEL,1.555,2026-04-08
1932,95,1.653,2026-04-08
1932,dizel,1.894,2026-04-08
1932,KOEL,1.555,2026-04-08
1933,95,1.653,2026-04-08
1933,dizel,1.894,2026-04-08
1933,KOEL,1.555,2026-04-08
1934,95,1.653,2026-04-08
1934,dizel,1.894,2026-04-08
1935,95,1.653,2026-04-08
1935,dizel,1.894,2026-04-08
1935,100,1.905,2026-04-08
1935,KOEL,1.555,2026-04-08
1936,95,1.653,2026-04-08
1936,dizel,1.894,2026-04-08
1936,KOEL,1.555,2026-04-08
1937,95,1.653,2026-04-08
1937,dizel,1.894,2026-04-08
1937,KOEL,1.555,2026-04-08
1938,95,1.653,2026-04-08
1938,dizel,1.894,2026-04-08
1938,KOEL,1.555,2026-04-08
1939,95,1.653,2026-04-08
1939,dizel,1.894,2026-04-08
1939,KOEL,1.555,2026-04-08
1940,95,1.653,2026-04-08
1940,dizel,1.894,2026-04-08
1940,KOEL,1.555,2026-04-08
1941,95,1.653,2026-04-08
1941,dizel,1.894,2026-04-08
1941,KOEL,1.555,2026-04-08
1942,95,1.653,2026-04-08
1942,dizel,1.894,2026-04-08
1942,100,1.905,2026-04-08
1942,KOEL,1.555,2026-04-08
1943,95,1.653,2026-04-08
1943,dizel,1.894,2026-04-08
1943,100,1.905,2026-04-08
1943,avtoplin-lpg,1.049,2026-04-08
1943,KOEL,1.555,2026-04-08
1944,95,1.653,2026-04-08
1944,dizel,1.894,2026-04-08
1944,KOEL,1.555,2026-04-08
1946,95,1.653,2026-04-08
1946,dizel,1.894,2026-04-08
1946,KOEL,1.555,2026-04-08
1947,95,1.653,2026-04-08
1947,dizel,1.894,2026-04-08
1947,100,1.905,2026-04-08
1947,KOEL,1.555,2026-04-08
1948,95,1.653,2026-04-08
1948,dizel,1.894,2026-04-08
1948,100,1.905,2026-04-08
1948,avtoplin-lpg,1.049,2026-04-08
1948,KOEL,1.555,2026-04-08
1950,95,1.653,2026-04-08
1950,dizel,1.894,2026-04-08
1950,100,1.905,2026-04-08
1950,dizel-premium,2.369,2026-04-08
1950,KOEL,1.555,2026-04-08
1952,95,1.653,2026-04-08
1952,dizel,1.894,2026-04-08
1952,100,1.905,2026-04-08
1952,dizel-premium,2.369,2026-04-08
1952,avtoplin-lpg,1.049,2026-04-08
1953,95,1.653,2026-04-08
1953,dizel,1.894,2026-04-08
1953,KOEL,1.555,2026-04-08
1954,95,1.653,2026-04-08
1954,dizel,1.894,2026-04-08
1954,100,1.905,2026-04-08
1954,KOEL,1.555,2026-04-08
1955,95,1.653,2026-04-08
1955,dizel,1.894,2026-04-08
1955,100,1.905,2026-04-08
1957,95,1.653,2026-04-08
1957,dizel,1.894,2026-04-08
1957,100,1.905,2026-04-08
1957,avtoplin-lpg,1.049,2026-04-08
1957,KOEL,1.555,2026-04-08
1958,95,1.653,2026-04-08
1958,dizel,1.894,2026-04-08
1958,100,1.905,2026-04-08
1958,KOEL,1.555,2026-04-08
1959,95,1.653,2026-04-08
1959,dizel,1.894,2026-04-08
1959,100,1.905,2026-04-08
1960,95,1.653,2026-04-08
1960,dizel,1.894,2026-04-08
1960,100,1.905,2026-04-08
1961,95,1.653,2026-04-08
1961,dizel,1.894,2026-04-08
1961,100,1.905,2026-04-08
1961,KOEL,1.555,2026-04-08
1962,95,1.653,2026-04-08
1962,dizel,1.894,2026-04-08
1962,100,1.905,2026-04-08
1962,dizel-premium,2.369,2026-04-08
1962,avtoplin-lpg,1.049,2026-04-08
1962,KOEL,1.555,2026-04-08
1963,95,1.653,2026-04-08
1963,dizel,1.894,2026-04-08
1963,KOEL,1.555,2026-04-08
1964,95,1.653,2026-04-08
1964,dizel,1.894,2026-04-08
1964,KOEL,1.555,2026-04-08
1965,95,1.653,2026-04-08
1965,dizel,1.894,2026-04-08
1965,KOEL,1.555,2026-04-08
1966,95,1.653,2026-04-08
1966,dizel,1.894,2026-04-08
1966,100,1.905,2026-04-08
1966,KOEL,1.555,2026-04-08
1967,95,1.653,2026-04-08
1967,dizel,1.894,2026-04-08
1967,KOEL,1.555,2026-04-08
1968,95,1.653,2026-04-08
1968,dizel,1.894,2026-04-08
1968,KOEL,1.555,2026-04-08
1969,95,1.653,2026-04-08
1969,dizel,1.894,2026-04-08
1969,KOEL,1.555,2026-04-08
1970,95,1.653,2026-04-08
1970,dizel,1.894,2026-04-08
1970,100,1.905,2026-04-08
1970,avtoplin-lpg,1.049,2026-04-08
1970,KOEL,1.555,2026-04-08
1971,95,1.653,2026-04-08
1971,dizel,1.894,2026-04-08
1971,100,1.905,2026-04-08
1971,KOEL,1.555,2026-04-08
1972,95,1.653,2026-04-08
1972,dizel,1.894,2026-04-08
1972,100,1.905,2026-04-08
1972,avtoplin-lpg,1.049,2026-04-08
1972,KOEL,1.555,2026-04-08
1973,95,1.653,2026-04-08
1973,dizel,1.894,2026-04-08
1973,KOEL,1.555,2026-04-08
1974,95,1.653,2026-04-08
1974,dizel,1.894,2026-04-08
1974,KOEL,1.555,2026-04-08
1975,95,1.653,2026-04-08
1975,dizel,1.894,2026-04-08
1975,KOEL,1.555,2026-04-08
1979,95,1.653,2026-04-08
1979,dizel,1.894,2026-04-08
1979,100,1.905,2026-04-08
1979,KOEL,1.555,2026-04-08
1980,95,1.653,2026-04-08
1980,dizel,1.894,2026-04-08
1980,100,1.905,2026-04-08
1980,KOEL,1.555,2026-04-08
1981,95,1.653,2026-04-08
1981,dizel,1.894,2026-04-08
1981,100,1.905,2026-04-08
1982,95,1.653,2026-04-08
1982,dizel,1.894,2026-04-08
1982,KOEL,1.555,2026-04-08
1983,95,1.653,2026-04-08
1983,dizel,1.894,2026-04-08
1984,95,1.653,2026-04-08
1984,dizel,1.894,2026-04-08
1984,100,1.905,2026-04-08
1985,95,1.653,2026-04-08
1985,dizel,1.894,2026-04-08
1985,KOEL,1.555,2026-04-08
1986,95,1.653,2026-04-08
1986,dizel,1.894,2026-04-08
1986,100,1.905,2026-04-08
1986,KOEL,1.555,2026-04-08
1987,95,1.653,2026-04-08
1987,dizel,1.894,2026-04-08
1987,KOEL,1.555,2026-04-08
1988,95,1.653,2026-04-08
1988,dizel,1.894,2026-04-08
1988,KOEL,1.555,2026-04-08
1989,95,1.653,2026-04-08
1989,dizel,1.894,2026-04-08
1989,KOEL,1.555,2026-04-08
1990,95,1.653,2026-04-08
1990,dizel,1.894,2026-04-08
1990,100,1.905,2026-04-08
1990,avtoplin-lpg,1.049,2026-04-08
1991,95,1.653,2026-04-08
1991,dizel,1.894,2026-04-08
1991,KOEL,1.555,2026-04-08
1992,95,1.653,2026-04-08
1992,dizel,1.894,2026-04-08
1992,100,1.905,2026-04-08
1992,avtoplin-lpg,1.049,2026-04-08
1992,KOEL,1.555,2026-04-08
1993,95,1.653,2026-04-08
1993,dizel,1.894,2026-04-08
1993,100,1.905,2026-04-08
1993,avtoplin-lpg,1.049,2026-04-08
1993,KOEL,1.555,2026-04-08
1994,95,1.653,2026-04-08
1994,dizel,1.894,2026-04-08
1994,100,1.905,2026-04-08
1994,avtoplin-lpg,1.049,2026-04-08
1994,KOEL,1.555,2026-04-08
1995,95,1.653,2026-04-08
1995,dizel,1.894,2026-04-08
1995,100,1.905,2026-04-08
1995,avtoplin-lpg,1.049,2026-04-08
1995,KOEL,1.555,2026-04-08
1996,95,1.653,2026-04-08
1996,dizel,1.894,2026-04-08
1996,100,1.905,2026-04-08
1996,avtoplin-lpg,1.049,2026-04-08
1996,KOEL,1.555,2026-04-08
1998,95,1.653,2026-04-08
1998,dizel,1.894,2026-04-08
1998,100,1.905,2026-04-08
1999,95,1.653,2026-04-08
1999,dizel,1.894,2026-04-08
1999,100,1.905,2026-04-08
1999,KOEL,1.555,2026-04-08
2001,95,1.653,2026-04-08
2001,dizel,1.894,2026-04-08
2001,100,1.905,2026-04-08
2001,KOEL,1.555,2026-04-08
2002,95,1.653,2026-04-08
2002,dizel,1.894,2026-04-08
2002,100,1.905,2026-04-08
2002,avtoplin-lpg,1.049,2026-04-08
2003,95,1.653,2026-04-08
2003,dizel,1.894,2026-04-08
2003,100,1.905,2026-04-08
2003,avtoplin-lpg,1.049,2026-04-08
2003,KOEL,1.555,2026-04-08
2004,95,1.653,2026-04-08
2004,dizel,1.894,2026-04-08
2004,100,1.905,2026-04-08
2004,dizel-premium,2.369,2026-04-08
2004,avtoplin-lpg,1.049,2026-04-08
2005,95,1.653,2026-04-08
2005,dizel,1.894,2026-04-08
2005,100,1.905,2026-04-08
2005,dizel-premium,2.369,2026-04-08
2005,avtoplin-lpg,1.049,2026-04-08
2006,95,1.653,2026-04-08
2006,dizel,1.894,2026-04-08
2006,100,1.905,2026-04-08
2006,dizel-premium,2.369,2026-04-08
2006,avtoplin-lpg,1.049,2026-04-08
2007,95,1.653,2026-04-08
2007,dizel,1.894,2026-04-08
2007,100,1.905,2026-04-08
2007,avtoplin-lpg,1.049,2026-04-08
2007,KOEL,1.555,2026-04-08
2010,95,1.653,2026-04-08
2010,dizel,1.894,2026-04-08
2010,100,1.905,2026-04-08
2010,KOEL,1.555,2026-04-08
2011,95,1.653,2026-04-08
2011,dizel,1.894,2026-04-08
2011,KOEL,1.555,2026-04-08
2012,95,1.653,2026-04-08
2012,dizel,1.894,2026-04-08
2012,KOEL,1.555,2026-04-08
2013,95,1.653,2026-04-08
2013,dizel,1.894,2026-04-08
2013,KOEL,1.555,2026-04-08
2014,95,1.653,2026-04-08
2014,dizel,1.894,2026-04-08
2014,100,1.905,2026-04-08
2014,dizel-premium,2.369,2026-04-08
2014,avtoplin-lpg,1.049,2026-04-08
2014,KOEL,1.555,2026-04-08
2015,95,1.653,2026-04-08
2015,dizel,1.894,2026-04-08
2015,100,1.905,2026-04-08
2015,KOEL,1.555,2026-04-08
2016,95,1.653,2026-04-08
2016,dizel,1.894,2026-04-08
2016,100,1.905,2026-04-08
2016,dizel-premium,2.369,2026-04-08
2016,avtoplin-lpg,1.049,2026-04-08
2017,95,1.653,2026-04-08
2017,dizel,1.894,2026-04-08
2017,KOEL,1.555,2026-04-08
2020,95,1.653,2026-04-08
2020,dizel,1.894,2026-04-08
2020,100,1.905,2026-04-08
2020,KOEL,1.555,2026-04-08
2021,95,1.653,2026-04-08
2021,dizel,1.894,2026-04-08
2021,100,1.905,2026-04-08
2021,avtoplin-lpg,1.049,2026-04-08
2022,95,1.653,2026-04-08
2022,dizel,1.894,2026-04-08
2022,100,1.905,2026-04-08
2022,KOEL,1.555,2026-04-08
2023,95,1.653,2026-04-08
2023,dizel,1.894,2026-04-08
2023,100,1.905,2026-04-08
2024,95,1.653,2026-04-08
2024,dizel,1.894,2026-04-08
2024,100,1.905,2026-04-08
2024,KOEL,1.555,2026-04-08
2025,95,1.653,2026-04-08
2025,dizel,1.894,2026-04-08
2025,avtoplin-lpg,1.049,2026-04-08
2025,KOEL,1.555,2026-04-08
2028,95,1.653,2026-04-08
2028,dizel,1.894,2026-04-08
2028,100,1.905,2026-04-08
2028,avtoplin-lpg,1.049,2026-04-08
2029,95,1.653,2026-04-08
2029,dizel,1.894,2026-04-08
2029,100,1.905,2026-04-08
2029,dizel-premium,2.369,2026-04-08
2029,avtoplin-lpg,1.049,2026-04-08
2033,95,1.653,2026-04-08
2033,dizel,1.894,2026-04-08
2033,100,1.905,2026-04-08
2033,dizel-premium,2.369,2026-04-08
2033,avtoplin-lpg,1.049,2026-04-08
2034,95,1.653,2026-04-08
2034,dizel,1.894,2026-04-08
2034,100,1.905,2026-04-08
2034,avtoplin-lpg,1.049,2026-04-08
2036,95,1.653,2026-04-08
2036,dizel,1.894,2026-04-08
2036,100,1.905,2026-04-08
2037,95,1.653,2026-04-08
2037,dizel,1.894,2026-04-08
2037,100,1.905,2026-04-08
2038,95,1.653,2026-04-08
2038,dizel,1.894,2026-04-08
2039,95,1.653,2026-04-08
2039,dizel,1.894,2026-04-08
2039,100,1.905,2026-04-08
2040,95,1.653,2026-04-08
2040,dizel,1.894,2026-04-08
2040,100,1.905,2026-04-08
2040,KOEL,1.555,2026-04-08
2041,95,1.653,2026-04-08
2041,dizel,1.894,2026-04-08
2041,100,1.905,2026-04-08
2042,95,1.653,2026-04-08
2042,dizel,1.894,2026-04-08
2042,KOEL,1.555,2026-04-08
2043,95,1.653,2026-04-08
2043,dizel,1.894,2026-04-08
2043,100,1.905,2026-04-08
2044,95,1.653,2026-04-08
2044,dizel,1.894,2026-04-08
2044,100,1.905,2026-04-08
2045,95,1.653,2026-04-08
2045,dizel,1.894,2026-04-08
2045,100,1.905,2026-04-08
2046,95,1.653,2026-04-08
2046,dizel,1.894,2026-04-08
2046,100,1.905,2026-04-08
2046,dizel-premium,2.369,2026-04-08
2046,avtoplin-lpg,1.049,2026-04-08
2047,95,1.653,2026-04-08
2047,dizel,1.894,2026-04-08
2048,95,1.653,2026-04-08
2048,dizel,1.894,2026-04-08
2048,100,1.905,2026-04-08
2048,avtoplin-lpg,1.049,2026-04-08
2049,95,1.653,2026-04-08
2049,dizel,1.894,2026-04-08
2049,100,1.905,2026-04-08
2049,KOEL,1.555,2026-04-08
2050,95,1.653,2026-04-08
2050,dizel,1.894,2026-04-08
2051,95,1.653,2026-04-08
2051,dizel,1.894,2026-04-08
2051,KOEL,1.555,2026-04-08
2052,95,1.653,2026-04-08
2052,dizel,1.894,2026-04-08
2052,100,1.905,2026-04-08
2053,95,1.653,2026-04-08
2053,dizel,1.894,2026-04-08
2053,KOEL,1.555,2026-04-08
2054,95,1.653,2026-04-08
2054,dizel,1.894,2026-04-08
2054,KOEL,1.555,2026-04-08
2055,95,1.653,2026-04-08
2055,dizel,1.894,2026-04-08
2056,95,1.653,2026-04-08
2056,dizel,1.894,2026-04-08
2056,100,1.905,2026-04-08
2056,dizel-premium,2.369,2026-04-08
2057,95,1.653,2026-04-08
2057,dizel,1.894,2026-04-08
2058,95,1.653,2026-04-08
2058,dizel,1.894,2026-04-08
2061,95,1.653,2026-04-08
2061,dizel,1.894,2026-04-08
2061,100,1.905,2026-04-08
2061,KOEL,1.555,2026-04-08
2062,95,1.653,2026-04-08
2062,dizel,1.894,2026-04-08
2062,100,1.905,2026-04-08
2062,KOEL,1.555,2026-04-08
2063,95,1.653,2026-04-08
2063,dizel,1.894,2026-04-08
2063,100,1.905,2026-04-08
2064,95,1.653,2026-04-08
2064,dizel,1.894,2026-04-08
2064,100,1.905,2026-04-08
2064,KOEL,1.555,2026-04-08
2066,95,1.653,2026-04-08
2066,dizel,1.894,2026-04-08
2066,KOEL,1.555,2026-04-08
2067,95,1.653,2026-04-08
2067,dizel,1.894,2026-04-08
2067,100,1.905,2026-04-08
2067,dizel-premium,2.369,2026-04-08
2067,KOEL,1.555,2026-04-08
2068,95,1.653,2026-04-08
2068,dizel,1.894,2026-04-08
2068,dizel-premium,2.369,2026-04-08
2069,95,1.653,2026-04-08
2069,dizel,1.894,2026-04-08
2069,100,1.905,2026-04-08
2069,dizel-premium,2.369,2026-04-08
2070,95,1.653,2026-04-08
2070,dizel,1.894,2026-04-08
2070,100,1.905,2026-04-08
2070,KOEL,1.555,2026-04-08
2071,95,1.653,2026-04-08
2071,dizel,1.894,2026-04-08
2071,100,1.905,2026-04-08
2071,dizel-premium,2.369,2026-04-08
2071,avtoplin-lpg,1.049,2026-04-08
2071,KOEL,1.555,2026-04-08
2072,95,1.653,2026-04-08
2072,dizel,1.894,2026-04-08
2072,KOEL,1.555,2026-04-08
2073,95,1.653,2026-04-08
2073,dizel,1.894,2026-04-08
2073,100,1.905,2026-04-08
2073,KOEL,1.555,2026-04-08
2074,95,1.653,2026-04-08
2074,dizel,1.894,2026-04-08
2074,100,1.905,2026-04-08
2074,avtoplin-lpg,1.049,2026-04-08
2074,KOEL,1.555,2026-04-08
2075,95,1.653,2026-04-08
2075,dizel,1.894,2026-04-08
2075,KOEL,1.555,2026-04-08
2076,95,1.653,2026-04-08
2076,dizel,1.894,2026-04-08
2076,KOEL,1.555,2026-04-08
2077,95,1.653,2026-04-08
2077,dizel,1.894,2026-04-08
2077,KOEL,1.555,2026-04-08
2078,95,1.653,2026-04-08
2078,dizel,1.894,2026-04-08
2078,KOEL,1.555,2026-04-08
2079,95,1.653,2026-04-08
2079,dizel,1.894,2026-04-08
2079,KOEL,1.555,2026-04-08
2080,95,1.653,2026-04-08
2080,dizel,1.894,2026-04-08
2080,100,1.905,2026-04-08
2080,avtoplin-lpg,1.049,2026-04-08
2080,KOEL,1.555,2026-04-08
2082,95,1.653,2026-04-08
2082,dizel,1.894,2026-04-08
2082,100,1.905,2026-04-08
2082,KOEL,1.555,2026-04-08
2083,95,1.653,2026-04-08
2083,dizel,1.894,2026-04-08
2083,avtoplin-lpg,1.049,2026-04-08
2083,KOEL,1.555,2026-04-08
2084,95,1.653,2026-04-08
2084,dizel,1.894,2026-04-08
2084,100,1.905,2026-04-08
2084,dizel-premium,2.369,2026-04-08
2084,KOEL,1.555,2026-04-08
2085,95,1.653,2026-04-08
2085,dizel,1.894,2026-04-08
2086,95,1.653,2026-04-08
2086,dizel,1.894,2026-04-08
2086,KOEL,1.555,2026-04-08
2087,95,1.653,2026-04-08
2087,dizel,1.894,2026-04-08
2087,KOEL,1.555,2026-04-08
2090,95,1.653,2026-04-08
2090,dizel,1.894,2026-04-08
2090,100,1.905,2026-04-08
2090,KOEL,1.555,2026-04-08
2091,95,1.653,2026-04-08
2091,dizel,1.894,2026-04-08
2091,100,1.905,2026-04-08
2091,KOEL,1.555,2026-04-08
2092,95,1.653,2026-04-08
2092,dizel,1.894,2026-04-08
2092,100,1.905,2026-04-08
2092,dizel-premium,2.369,2026-04-08
2092,avtoplin-lpg,1.049,2026-04-08
2092,KOEL,1.555,2026-04-08
2093,95,1.653,2026-04-08
2093,dizel,1.894,2026-04-08
2093,KOEL,1.555,2026-04-08
2094,95,1.653,2026-04-08
2094,dizel,1.894,2026-04-08
2094,100,1.905,2026-04-08
2094,avtoplin-lpg,1.049,2026-04-08
2094,KOEL,1.555,2026-04-08
2098,95,1.653,2026-04-08
2098,dizel,1.894,2026-04-08
2098,100,1.905,2026-04-08
2098,dizel-premium,2.369,2026-04-08
2098,avtoplin-lpg,1.049,2026-04-08
2098,KOEL,1.555,2026-04-08
2099,95,1.653,2026-04-08
2099,dizel,1.894,2026-04-08
2099,100,1.905,2026-04-08
2099,KOEL,1.555,2026-04-08
2102,95,1.653,2026-04-08
2102,dizel,1.894,2026-04-08
2102,KOEL,1.555,2026-04-08
2103,95,1.653,2026-04-08
2103,dizel,1.894,2026-04-08
2103,KOEL,1.555,2026-04-08
2104,95,1.653,2026-04-08
2104,dizel,1.894,2026-04-08
2104,100,1.905,2026-04-08
2104,KOEL,1.555,2026-04-08
2105,95,1.653,2026-04-08
2105,dizel,1.894,2026-04-08
2105,KOEL,1.555,2026-04-08
2106,95,1.653,2026-04-08
2106,dizel,1.894,2026-04-08
2106,KOEL,1.555,2026-04-08
2107,95,1.653,2026-04-08
2107,dizel,1.894,2026-04-08
2107,KOEL,1.555,2026-04-08
2108,95,1.653,2026-04-08
2108,dizel,1.894,2026-04-08
2108,100,1.905,2026-04-08
2108,KOEL,1.555,2026-04-08
2109,95,1.653,2026-04-08
2109,dizel,1.894,2026-04-08
2109,KOEL,1.555,2026-04-08
2110,95,1.653,2026-04-08
2110,dizel,1.894,2026-04-08
2110,100,1.905,2026-04-08
2110,dizel-premium,2.369,2026-04-08
2110,avtoplin-lpg,1.049,2026-04-08
2111,95,1.653,2026-04-08
2111,dizel,1.894,2026-04-08
2111,100,1.905,2026-04-08
2111,KOEL,1.555,2026-04-08
2112,95,1.653,2026-04-08
2112,dizel,1.894,2026-04-08
2113,95,1.653,2026-04-08
2113,dizel,1.894,2026-04-08
2114,95,1.653,2026-04-08
2114,dizel,1.894,2026-04-08
2114,KOEL,1.555,2026-04-08
2115,95,1.653,2026-04-08
2115,dizel,1.894,2026-04-08
2115,100,1.905,2026-04-08
2115,dizel-premium,2.369,2026-04-08
2115,avtoplin-lpg,1.049,2026-04-08
2116,95,1.653,2026-04-08
2116,dizel,1.894,2026-04-08
2116,KOEL,1.555,2026-04-08
2117,95,1.653,2026-04-08
2117,dizel,1.894,2026-04-08
2117,100,1.905,2026-04-08
2118,95,1.653,2026-04-08
2118,dizel,1.894,2026-04-08
2119,95,1.653,2026-04-08
2119,dizel,1.894,2026-04-08
2119,100,1.905,2026-04-08
2119,avtoplin-lpg,1.049,2026-04-08
2119,KOEL,1.555,2026-04-08
2121,95,1.653,2026-04-08
2121,dizel,1.894,2026-04-08
2121,100,1.905,2026-04-08
2121,dizel-premium,2.369,2026-04-08
2121,KOEL,1.555,2026-04-08
2122,95,1.653,2026-04-08
2122,dizel,1.894,2026-04-08
2122,100,1.905,2026-04-08
2122,KOEL,1.555,2026-04-08
2124,95,1.653,2026-04-08
2124,dizel,1.894,2026-04-08
2124,KOEL,1.555,2026-04-08
2125,95,1.653,2026-04-08
2125,dizel,1.894,2026-04-08
2125,100,1.905,2026-04-08
2125,KOEL,1.555,2026-04-08
2126,95,1.653,2026-04-08
2126,dizel,1.894,2026-04-08
2126,100,1.905,2026-04-08
2126,avtoplin-lpg,1.049,2026-04-08
2127,95,1.653,2026-04-08
2127,dizel,1.894,2026-04-08
2127,KOEL,1.555,2026-04-08
2128,95,1.653,2026-04-08
2128,dizel,1.894,2026-04-08
2128,100,1.905,2026-04-08
2129,95,1.653,2026-04-08
2129,dizel,1.894,2026-04-08
2130,95,1.653,2026-04-08
2130,dizel,1.894,2026-04-08
2130,100,1.905,2026-04-08
2131,95,1.653,2026-04-08
2131,dizel,1.894,2026-04-08
2131,100,1.905,2026-04-08
2131,avtoplin-lpg,1.049,2026-04-08
2131,KOEL,1.555,2026-04-08
2132,95,1.653,2026-04-08
2132,dizel,1.894,2026-04-08
2132,100,1.905,2026-04-08
2132,avtoplin-lpg,1.049,2026-04-08
2132,KOEL,1.555,2026-04-08
2133,95,1.653,2026-04-08
2133,dizel,1.894,2026-04-08
2133,100,1.905,2026-04-08
2133,dizel-premium,2.369,2026-04-08
2133,avtoplin-lpg,1.049,2026-04-08
2134,95,1.653,2026-04-08
2134,dizel,1.894,2026-04-08
2134,100,1.905,2026-04-08
2134,avtoplin-lpg,1.049,2026-04-08
2135,95,1.653,2026-04-08
2135,dizel,1.894,2026-04-08
2135,100,1.905,2026-04-08
2135,avtoplin-lpg,1.049,2026-04-08
2136,95,1.653,2026-04-08
2136,dizel,1.894,2026-04-08
2136,100,1.905,2026-04-08
2136,avtoplin-lpg,1.049,2026-04-08
2137,95,1.653,2026-04-08
2137,dizel,1.894,2026-04-08
2137,100,1.905,2026-04-08
2137,KOEL,1.555,2026-04-08
2138,95,1.653,2026-04-08
2138,dizel,1.894,2026-04-08
2138,100,1.905,2026-04-08
2138,avtoplin-lpg,1.049,2026-04-08
2139,95,1.653,2026-04-08
2139,dizel,1.894,2026-04-08
2139,100,1.905,2026-04-08
2139,avtoplin-lpg,1.049,2026-04-08
2139,KOEL,1.555,2026-04-08
2140,95,1.653,2026-04-08
2140,dizel,1.894,2026-04-08
2140,KOEL,1.555,2026-04-08
2142,95,1.653,2026-04-08
2142,dizel,1.894,2026-04-08
2142,KOEL,1.555,2026-04-08
2143,95,1.653,2026-04-08
2143,dizel,1.894,2026-04-08
2143,KOEL,1.555,2026-04-08
2144,95,1.653,2026-04-08
2144,dizel,1.894,2026-04-08
2144,100,1.905,2026-04-08
2144,avtoplin-lpg,1.049,2026-04-08
2144,KOEL,1.555,2026-04-08
2145,95,1.653,2026-04-08
2145,dizel,1.894,2026-04-08
2145,100,1.905,2026-04-08
2145,KOEL,1.555,2026-04-08
2146,95,1.653,2026-04-08
2146,dizel,1.894,2026-04-08
2146,100,1.905,2026-04-08
2146,KOEL,1.555,2026-04-08
2147,95,1.653,2026-04-08
2147,dizel,1.894,2026-04-08
2147,100,1.905,2026-04-08
2147,dizel-premium,2.369,2026-04-08
2147,avtoplin-lpg,1.049,2026-04-08
2147,KOEL,1.555,2026-04-08
2148,95,1.653,2026-04-08
2148,dizel,1.894,2026-04-08
2148,100,1.905,2026-04-08
2148,KOEL,1.555,2026-04-08
2149,95,1.653,2026-04-08
2149,dizel,1.894,2026-04-08
2149,100,1.905,2026-04-08
2149,KOEL,1.555,2026-04-08
2150,95,1.653,2026-04-08
2150,dizel,1.894,2026-04-08
2150,100,1.905,2026-04-08
2150,KOEL,1.555,2026-04-08
2151,95,1.653,2026-04-08
2151,dizel,1.894,2026-04-08
2151,KOEL,1.555,2026-04-08
2152,95,1.653,2026-04-08
2152,dizel,1.894,2026-04-08
2152,KOEL,1.555,2026-04-08
2153,95,1.653,2026-04-08
2153,dizel,1.894,2026-04-08
2153,KOEL,1.555,2026-04-08
2154,95,1.653,2026-04-08
2154,dizel,1.894,2026-04-08
2154,KOEL,1.555,2026-04-08
2155,95,1.653,2026-04-08
2155,dizel,1.894,2026-04-08
2155,KOEL,1.555,2026-04-08
2156,95,1.653,2026-04-08
2156,dizel,1.894,2026-04-08
2156,KOEL,1.555,2026-04-08
2157,95,1.653,2026-04-08
2157,dizel,1.894,2026-04-08
2157,KOEL,1.555,2026-04-08
2159,95,1.653,2026-04-08
2159,dizel,1.894,2026-04-08
2159,KOEL,1.555,2026-04-08
2160,95,1.653,2026-04-08
2160,dizel,1.894,2026-04-08
2160,KOEL,1.555,2026-04-08
2161,95,1.653,2026-04-08
2161,dizel,1.894,2026-04-08
2161,100,1.905,2026-04-08
2161,KOEL,1.555,2026-04-08
2163,95,1.653,2026-04-08
2163,dizel,1.894,2026-04-08
2163,100,1.905,2026-04-08
2163,KOEL,1.555,2026-04-08
2164,95,1.653,2026-04-08
2164,dizel,1.894,2026-04-08
2164,100,1.905,2026-04-08
2164,avtoplin-lpg,1.049,2026-04-08
2164,KOEL,1.555,2026-04-08
2165,95,1.653,2026-04-08
2165,dizel,1.894,2026-04-08
2165,KOEL,1.555,2026-04-08
2166,95,1.653,2026-04-08
2166,dizel,1.894,2026-04-08
2166,100,1.905,2026-04-08
2166,KOEL,1.555,2026-04-08
2167,95,1.653,2026-04-08
2167,dizel,1.894,2026-04-08
2167,100,1.905,2026-04-08
2168,95,1.653,2026-04-08
2168,dizel,1.894,2026-04-08
2168,100,1.905,2026-04-08
2168,dizel-premium,2.369,2026-04-08
2168,avtoplin-lpg,1.049,2026-04-08
2168,KOEL,1.555,2026-04-08
2169,95,1.653,2026-04-08
2169,dizel,1.894,2026-04-08
2169,KOEL,1.555,2026-04-08
2170,95,1.653,2026-04-08
2170,dizel,1.894,2026-04-08
2170,KOEL,1.555,2026-04-08
2171,95,1.653,2026-04-08
2171,dizel,1.894,2026-04-08
2171,100,1.905,2026-04-08
2171,KOEL,1.555,2026-04-08
2172,95,1.653,2026-04-08
2172,dizel,1.894,2026-04-08
2172,100,1.905,2026-04-08
2172,dizel-premium,2.369,2026-04-08
2172,avtoplin-lpg,1.049,2026-04-08
2173,95,1.653,2026-04-08
2173,dizel,1.894,2026-04-08
2173,KOEL,1.555,2026-04-08
2174,95,1.653,2026-04-08
2174,dizel,1.894,2026-04-08
2174,100,1.905,2026-04-08
2174,KOEL,1.555,2026-04-08
2177,95,1.653,2026-04-08
2177,dizel,1.894,2026-04-08
2177,KOEL,1.555,2026-04-08
2178,95,1.653,2026-04-08
2178,dizel,1.894,2026-04-08
2178,100,1.905,2026-04-08
2178,KOEL,1.555,2026-04-08
2179,95,1.653,2026-04-08
2179,dizel,1.894,2026-04-08
2179,KOEL,1.555,2026-04-08
2180,95,1.653,2026-04-08
2180,dizel,1.894,2026-04-08
2180,KOEL,1.555,2026-04-08
2181,95,1.653,2026-04-08
2181,dizel,1.894,2026-04-08
2181,KOEL,1.555,2026-04-08
2182,95,1.653,2026-04-08
2182,dizel,1.894,2026-04-08
2182,KOEL,1.555,2026-04-08
2183,95,1.653,2026-04-08
2183,dizel,1.894,2026-04-08
2184,95,1.653,2026-04-08
2184,dizel,1.894,2026-04-08
2184,KOEL,1.555,2026-04-08
2185,95,1.653,2026-04-08
2185,dizel,1.894,2026-04-08
2185,KOEL,1.555,2026-04-08
2186,95,1.653,2026-04-08
2186,dizel,1.894,2026-04-08
2186,100,1.905,2026-04-08
2186,dizel-premium,2.369,2026-04-08
2186,KOEL,1.555,2026-04-08
2187,95,1.653,2026-04-08
2187,dizel,1.894,2026-04-08
2187,100,1.905,2026-04-08
2187,KOEL,1.555,2026-04-08
2188,95,1.653,2026-04-08
2188,dizel,1.894,2026-04-08
2188,100,1.905,2026-04-08
2188,KOEL,1.555,2026-04-08
2189,95,1.653,2026-04-08
2189,dizel,1.894,2026-04-08
2189,KOEL,1.555,2026-04-08
2190,95,1.653,2026-04-08
2190,dizel,1.894,2026-04-08
2190,100,1.905,2026-04-08
2190,KOEL,1.555,2026-04-08
2191,95,1.653,2026-04-08
2191,dizel,1.894,2026-04-08
2191,100,1.905,2026-04-08
2191,KOEL,1.555,2026-04-08
2192,95,1.653,2026-04-08
2192,dizel,1.894,2026-04-08
2192,100,1.905,2026-04-08
2192,KOEL,1.555,2026-04-08
2193,95,1.653,2026-04-08
2193,dizel,1.894,2026-04-08
2193,KOEL,1.555,2026-04-08
2194,95,1.653,2026-04-08
2194,dizel,1.894,2026-04-08
2194,100,1.905,2026-04-08
2195,95,1.653,2026-04-08
2195,dizel,1.894,2026-04-08
2195,100,1.905,2026-04-08
2195,KOEL,1.555,2026-04-08
2196,95,1.653,2026-04-08
2196,dizel,1.894,2026-04-08
2196,100,1.905,2026-04-08
2196,KOEL,1.555,2026-04-08
2197,95,1.653,2026-04-08
2197,dizel,1.894,2026-04-08
2197,100,1.905,2026-04-08
2197,avtoplin-lpg,1.049,2026-04-08
2198,95,1.653,2026-04-08
2198,dizel,1.894,2026-04-08
2198,100,1.905,2026-04-08
2198,KOEL,1.555,2026-04-08
2199,95,1.653,2026-04-08
2199,dizel,1.894,2026-04-08
2199,100,1.905,2026-04-08
2199,dizel-premium,2.369,2026-04-08
2200,95,1.653,2026-04-08
2200,dizel,1.894,2026-04-08
2200,100,1.905,2026-04-08
2200,avtoplin-lpg,1.049,2026-04-08
2203,95,1.653,2026-04-08
2203,dizel,1.894,2026-04-08
2203,KOEL,1.555,2026-04-08
2204,95,1.653,2026-04-08
2204,dizel,1.894,2026-04-08
2204,100,1.905,2026-04-08
2205,95,1.653,2026-04-08
2205,dizel,1.894,2026-04-08
2205,100,1.905,2026-04-08
2205,KOEL,1.555,2026-04-08
2206,95,1.653,2026-04-08
2206,dizel,1.894,2026-04-08
2206,100,1.905,2026-04-08
2206,KOEL,1.555,2026-04-08
2207,95,1.653,2026-04-08
2207,dizel,1.894,2026-04-08
2207,100,1.905,2026-04-08
2207,avtoplin-lpg,1.049,2026-04-08
2208,95,1.653,2026-04-08
2208,dizel,1.894,2026-04-08
2208,KOEL,1.555,2026-04-08
2209,95,1.653,2026-04-08
2209,dizel,1.894,2026-04-08
2209,KOEL,1.555,2026-04-08
2210,95,1.653,2026-04-08
2210,dizel,1.894,2026-04-08
2210,100,1.905,2026-04-08
2210,KOEL,1.555,2026-04-08
2211,95,1.653,2026-04-08
2211,dizel,1.894,2026-04-08
2211,KOEL,1.555,2026-04-08
2212,95,1.653,2026-04-08
2212,dizel,1.894,2026-04-08
2212,100,1.905,2026-04-08
2212,avtoplin-lpg,1.049,2026-04-08
2212,KOEL,1.555,2026-04-08
2213,95,1.653,2026-04-08
2213,dizel,1.894,2026-04-08
2213,KOEL,1.555,2026-04-08
2214,95,1.653,2026-04-08
2214,dizel,1.894,2026-04-08
2214,avtoplin-lpg,1.049,2026-04-08
2214,KOEL,1.555,2026-04-08
2215,95,1.653,2026-04-08
2215,dizel,1.894,2026-04-08
2215,100,1.905,2026-04-08
2215,KOEL,1.555,2026-04-08
2217,95,1.653,2026-04-08
2217,dizel,1.894,2026-04-08
2217,100,1.905,2026-04-08
2217,KOEL,1.555,2026-04-08
2218,95,1.653,2026-04-08
2218,dizel,1.894,2026-04-08
2218,100,1.905,2026-04-08
2218,avtoplin-lpg,1.049,2026-04-08
2218,KOEL,1.555,2026-04-08
2219,95,1.653,2026-04-08
2219,dizel,1.894,2026-04-08
2219,KOEL,1.555,2026-04-08
2220,95,1.653,2026-04-08
2220,dizel,1.894,2026-04-08
2220,100,1.905,2026-04-08
2220,dizel-premium,2.369,2026-04-08
2220,avtoplin-lpg,1.049,2026-04-08
2220,KOEL,1.555,2026-04-08
2222,95,1.653,2026-04-08
2222,dizel,1.894,2026-04-08
2222,100,1.905,2026-04-08
2222,KOEL,1.555,2026-04-08
2223,95,1.653,2026-04-08
2223,dizel,1.894,2026-04-08
2223,KOEL,1.555,2026-04-08
2224,95,1.653,2026-04-08
2224,dizel,1.894,2026-04-08
2224,KOEL,1.555,2026-04-08
2225,95,1.653,2026-04-08
2225,dizel,1.894,2026-04-08
2225,100,1.905,2026-04-08
2225,KOEL,1.555,2026-04-08
2227,95,1.653,2026-04-08
2227,dizel,1.894,2026-04-08
2227,100,1.905,2026-04-08
2227,avtoplin-lpg,1.049,2026-04-08
2228,95,1.653,2026-04-08
2228,dizel,1.894,2026-04-08
2228,100,1.905,2026-04-08
2228,avtoplin-lpg,1.049,2026-04-08
2228,KOEL,1.555,2026-04-08
2233,95,1.653,2026-04-08
2233,dizel,1.894,2026-04-08
2233,100,1.905,2026-04-08
2233,avtoplin-lpg,1.049,2026-04-08
2234,95,1.653,2026-04-08
2234,dizel,1.894,2026-04-08
2234,100,1.955,2026-04-08
2234,dizel-premium,2.083,2026-04-08
2234,avtoplin-lpg,1.048,2026-04-08
2235,95,1.653,2026-04-08
2235,dizel,1.894,2026-04-08
2235,100,1.955,2026-04-08
2235,dizel-premium,2.083,2026-04-08
2235,avtoplin-lpg,1.048,2026-04-08
2236,95,1.653,2026-04-08
2236,dizel,1.894,2026-04-08
2236,100,1.955,2026-04-08
2236,dizel-premium,2.083,2026-04-08
2236,avtoplin-lpg,1.048,2026-04-08
2237,95,1.653,2026-04-08
2237,dizel,1.894,2026-04-08
2238,95,1.653,2026-04-08
2238,dizel,1.894,2026-04-08
2239,95,1.653,2026-04-08
2239,dizel,1.894,2026-04-08
2240,95,1.653,2026-04-08
2240,dizel,1.894,2026-04-08
2241,95,1.653,2026-04-08
2241,dizel,1.894,2026-04-08
2242,95,1.653,2026-04-08
2242,dizel,1.894,2026-04-08
2243,95,1.653,2026-04-08
2243,dizel,1.894,2026-04-08
2244,95,1.653,2026-04-08
2244,dizel,1.894,2026-04-08
2245,95,1.653,2026-04-08
2245,dizel,1.894,2026-04-08
2246,95,1.653,2026-04-08
2246,dizel,1.894,2026-04-08
2247,95,1.653,2026-04-08
2247,dizel,1.894,2026-04-08
2248,95,1.653,2026-04-08
2248,dizel,1.894,2026-04-08
2249,95,1.653,2026-04-08
2249,dizel,1.894,2026-04-08
2250,95,1.653,2026-04-08
2250,dizel,1.894,2026-04-08
2251,95,1.653,2026-04-08
2251,dizel,1.894,2026-04-08
2252,95,1.653,2026-04-08
2252,dizel,1.894,2026-04-08
2253,95,1.653,2026-04-08
2253,dizel,1.894,2026-04-08
2254,95,1.653,2026-04-08
2254,dizel,1.894,2026-04-08
2255,95,1.653,2026-04-08
2255,dizel,1.894,2026-04-08
2256,95,1.653,2026-04-08
2256,dizel,1.894,2026-04-08
2257,95,1.653,2026-04-08
2257,dizel,1.894,2026-04-08
2266,95,1.653,2026-04-08
2266,dizel,1.894,2026-04-08
2266,100,1.939,2026-04-08
2266,dizel-premium,2.299,2026-04-08
2267,95,1.653,2026-04-08
2267,dizel,1.894,2026-04-08
2267,100,1.905,2026-04-08
2267,KOEL,1.555,2026-04-08
2268,95,1.653,2026-04-08
2268,dizel,1.894,2026-04-08
2268,100,1.903,2026-04-08
2268,KOEL,1.555,2026-04-08
2271,95,1.653,2026-04-08
2271,dizel,1.894,2026-04-08
2271,100,1.955,2026-04-08
2271,dizel-premium,2.083,2026-04-08
2271,avtoplin-lpg,1.048,2026-04-08
2272,95,1.653,2026-04-08
2272,dizel,1.894,2026-04-08
2272,100,1.905,2026-04-08
2272,dizel-premium,2.369,2026-04-08
2272,avtoplin-lpg,1.049,2026-04-08
2283,95,1.653,2026-04-08
2283,dizel,1.894,2026-04-08
2283,100,1.955,2026-04-08
2283,dizel-premium,2.083,2026-04-08
2283,KOEL,1.555,2026-04-08
2284,95,1.653,2026-04-08
2284,dizel,1.894,2026-04-08
2284,100,1.955,2026-04-08
2284,dizel-premium,2.083,2026-04-08
2284,KOEL,1.555,2026-04-08
2285,95,1.653,2026-04-08
2285,dizel,1.894,2026-04-08
2285,100,1.955,2026-04-08
2285,dizel-premium,2.083,2026-04-08
2285,KOEL,1.555,2026-04-08
2286,95,1.653,2026-04-08
2286,dizel,1.894,2026-04-08
2286,100,1.955,2026-04-08
2286,dizel-premium,2.083,2026-04-08
2286,avtoplin-lpg,1.048,2026-04-08
2286,KOEL,1.555,2026-04-08
2287,95,1.653,2026-04-08
2287,dizel,1.894,2026-04-08
2287,100,1.955,2026-04-08
2287,dizel-premium,2.083,2026-04-08
2287,KOEL,1.555,2026-04-08
2288,95,1.653,2026-04-08
2288,dizel,1.894,2026-04-08
2289,95,1.653,2026-04-08
2289,dizel,1.894,2026-04-08
2290,95,1.653,2026-04-08
2290,dizel,1.894,2026-04-08
2291,95,1.653,2026-04-08
2291,dizel,1.894,2026-04-08
2292,95,1.653,2026-04-08
2292,dizel,1.894,2026-04-08
2293,95,1.653,2026-04-08
2293,dizel,1.894,2026-04-08
2294,95,1.653,2026-04-08
2294,dizel,1.894,2026-04-08
2295,95,1.653,2026-04-08
2295,dizel,1.894,2026-04-08
2296,95,1.653,2026-04-08
2296,dizel,1.894,2026-04-08
2296,avtoplin-lpg,0.899,2026-04-08
2297,95,1.653,2026-04-08
2297,dizel,1.894,2026-04-08
2297,avtoplin-lpg,0.769,2026-04-08
2297,KOEL,1.555,2026-04-08
2299,95,1.653,2026-04-08
2299,dizel,1.894,2026-04-08
2299,avtoplin-lpg,0.769,2026-04-08
2299,KOEL,1.555,2026-04-08
2306,95,1.653,2026-04-08
2306,dizel,1.894,2026-04-08
2306,KOEL,1.555,2026-04-08
2315,95,1.653,2026-04-08
2315,dizel,1.894,2026-04-08
2315,KOEL,1.555,2026-04-08
2316,95,1.653,2026-04-08
2316,dizel,1.894,2026-04-08
2317,95,1.653,2026-04-08
2317,dizel,1.894,2026-04-08
2323,95,1.653,2026-04-08
2323,dizel,1.894,2026-04-08
2327,95,1.653,2026-04-08
2327,dizel,1.894,2026-04-08
2332,95,1.653,2026-04-08
2332,dizel,1.894,2026-04-08
2332,100,1.955,2026-04-08
2332,dizel-premium,2.083,2026-04-08
2332,avtoplin-lpg,1.048,2026-04-08
2332,KOEL,1.555,2026-04-08
2334,95,1.653,2026-04-08
2334,dizel,1.894,2026-04-08
2334,100,1.979,2026-04-08
2334,dizel-premium,2.299,2026-04-08
2335,95,1.653,2026-04-08
2335,dizel,1.894,2026-04-08
2335,100,1.979,2026-04-08
2335,dizel-premium,2.299,2026-04-08
2336,95,1.653,2026-04-08
2336,dizel,1.894,2026-04-08
2336,100,1.979,2026-04-08
2336,dizel-premium,2.299,2026-04-08
2337,95,1.653,2026-04-08
2337,dizel,1.894,2026-04-08
2337,100,1.979,2026-04-08
2337,dizel-premium,2.299,2026-04-08
2338,95,1.653,2026-04-08
2338,dizel,1.894,2026-04-08
2338,100,1.979,2026-04-08
2338,dizel-premium,2.299,2026-04-08
2339,95,1.653,2026-04-08
2339,dizel,1.894,2026-04-08
2339,100,1.979,2026-04-08
2339,dizel-premium,2.299,2026-04-08
2340,95,1.653,2026-04-08
2340,dizel,1.894,2026-04-08
2340,100,1.979,2026-04-08
2340,dizel-premium,2.299,2026-04-08
2341,95,1.653,2026-04-08
2341,dizel,1.894,2026-04-08
2341,100,1.979,2026-04-08
2341,dizel-premium,2.299,2026-04-08
2342,95,1.653,2026-04-08
2342,dizel,1.894,2026-04-08
2342,100,1.979,2026-04-08
2342,dizel-premium,2.299,2026-04-08
2343,95,1.653,2026-04-08
2343,dizel,1.894,2026-04-08
2343,100,1.979,2026-04-08
2343,dizel-premium,2.299,2026-04-08
2344,95,1.653,2026-04-08
2344,dizel,1.894,2026-04-08
2344,100,1.979,2026-04-08
2344,dizel-premium,2.299,2026-04-08
2345,95,1.653,2026-04-08
2345,dizel,1.894,2026-04-08
2345,100,1.979,2026-04-08
2345,dizel-premium,2.299,2026-04-08
2346,95,1.653,2026-04-08
2346,dizel,1.894,2026-04-08
2346,100,1.979,2026-04-08
2347,95,1.653,2026-04-08
2347,dizel,1.894,2026-04-08
2347,100,1.979,2026-04-08
2347,dizel-premium,2.299,2026-04-08
2348,95,1.653,2026-04-08
2348,dizel,1.894,2026-04-08
2348,100,1.979,2026-04-08
2349,95,1.653,2026-04-08
2349,dizel,1.894,2026-04-08
2349,100,1.979,2026-04-08
2349,dizel-premium,2.299,2026-04-08
2350,95,1.653,2026-04-08
2350,dizel,1.894,2026-04-08
2350,100,2.079,2026-04-08
2350,dizel-premium,2.299,2026-04-08
2351,95,1.653,2026-04-08
2351,dizel,1.894,2026-04-08
2351,100,1.979,2026-04-08
2351,dizel-premium,2.299,2026-04-08
2352,95,1.653,2026-04-08
2352,dizel,1.894,2026-04-08
2352,100,2.079,2026-04-08
2352,dizel-premium,1.999,2026-04-08
2353,95,1.653,2026-04-08
2353,dizel,1.894,2026-04-08
2353,100,1.979,2026-04-08
2353,dizel-premium,1.567,2026-04-08
2354,95,1.653,2026-04-08
2354,dizel,1.894,2026-04-08
2354,100,1.979,2026-04-08
2354,dizel-premium,2.299,2026-04-08
2355,95,1.653,2026-04-08
2355,dizel,1.894,2026-04-08
2355,100,1.979,2026-04-08
2355,dizel-premium,2.299,2026-04-08
2356,95,1.653,2026-04-08
2356,dizel,1.894,2026-04-08
2356,100,1.979,2026-04-08
2356,dizel-premium,1.699,2026-04-08
2357,95,1.653,2026-04-08
2357,dizel,1.894,2026-04-08
2357,100,1.979,2026-04-08
2357,dizel-premium,1.679,2026-04-08
2358,95,1.653,2026-04-08
2358,dizel,1.894,2026-04-08
2358,100,1.979,2026-04-08
2358,dizel-premium,2.299,2026-04-08
2359,95,1.653,2026-04-08
2359,dizel,1.894,2026-04-08
2359,100,1.979,2026-04-08
2359,dizel-premium,2.299,2026-04-08
2360,95,1.653,2026-04-08
2360,dizel,1.894,2026-04-08
2360,100,1.979,2026-04-08
2360,dizel-premium,2.299,2026-04-08
2361,95,1.653,2026-04-08
2361,dizel,1.894,2026-04-08
2361,100,1.979,2026-04-08
2361,dizel-premium,2.299,2026-04-08
2362,95,1.653,2026-04-08
2362,dizel,1.894,2026-04-08
2362,100,1.979,2026-04-08
2362,dizel-premium,2.299,2026-04-08
2363,95,1.653,2026-04-08
2363,dizel,1.894,2026-04-08
2363,100,1.979,2026-04-08
2363,dizel-premium,2.299,2026-04-08
2364,95,1.653,2026-04-08
2364,dizel,1.894,2026-04-08
2364,100,1.979,2026-04-08
2364,dizel-premium,2.299,2026-04-08
2365,95,1.653,2026-04-08
2365,dizel,1.894,2026-04-08
2365,100,1.979,2026-04-08
2365,dizel-premium,2.299,2026-04-08
2366,95,1.653,2026-04-08
2366,dizel,1.894,2026-04-08
2366,100,1.979,2026-04-08
2366,dizel-premium,2.299,2026-04-08
2367,95,1.653,2026-04-08
2367,dizel,1.894,2026-04-08
2367,100,1.979,2026-04-08
2367,dizel-premium,1.639,2026-04-08
2368,95,1.653,2026-04-08
2368,dizel,1.894,2026-04-08
2368,100,1.979,2026-04-08
2368,dizel-premium,1.679,2026-04-08
2369,95,1.653,2026-04-08
2369,dizel,1.894,2026-04-08
2369,100,1.979,2026-04-08
2370,95,1.653,2026-04-08
2370,dizel,1.894,2026-04-08
2370,100,1.979,2026-04-08
2370,dizel-premium,1.679,2026-04-08
2371,95,1.653,2026-04-08
2371,dizel,1.894,2026-04-08
2371,100,1.979,2026-04-08
2372,95,1.653,2026-04-08
2372,dizel,1.894,2026-04-08
2372,100,1.979,2026-04-08
2372,dizel-premium,1.569,2026-04-08
2373,95,1.653,2026-04-08
2373,dizel,1.894,2026-04-08
2373,100,1.955,2026-04-08
2373,dizel-premium,2.083,2026-04-08
2374,95,1.653,2026-04-08
2374,dizel,1.894,2026-04-08
2374,100,1.955,2026-04-08
2374,KOEL,1.555,2026-04-08
2378,95,1.653,2026-04-08
2378,dizel,1.894,2026-04-08
2378,100,1.905,2026-04-08
2378,dizel-premium,2.369,2026-04-08
2378,avtoplin-lpg,1.049,2026-04-08
793,95,1.753,2026-04-08
793,dizel,1.998,2026-04-08
793,100,2.075,2026-04-08
793,dizel-premium,2.199,2026-04-08
793,avtoplin-lpg,1.098,2026-04-08
796,95,1.753,2026-04-08
796,dizel,1.998,2026-04-08
796,100,2.075,2026-04-08
796,dizel-premium,2.199,2026-04-08
796,avtoplin-lpg,1.098,2026-04-08
823,95,1.753,2026-04-08
823,dizel,1.998,2026-04-08
823,100,2.075,2026-04-08
823,dizel-premium,2.199,2026-04-08
828,95,1.753,2026-04-08
828,dizel,1.998,2026-04-08
828,100,2.075,2026-04-08
828,dizel-premium,2.199,2026-04-08
828,avtoplin-lpg,1.098,2026-04-08
837,95,1.753,2026-04-08
837,dizel,1.998,2026-04-08
837,100,2.075,2026-04-08
837,dizel-premium,2.199,2026-04-08
861,95,1.753,2026-04-08
861,dizel,1.998,2026-04-08
861,100,2.075,2026-04-08
861,dizel-premium,2.199,2026-04-08
861,avtoplin-lpg,1.098,2026-04-08
1568,95,1.753,2026-04-08
1568,dizel,1.998,2026-04-08
1568,100,2.075,2026-04-08
1568,dizel-premium,2.199,2026-04-08
1568,avtoplin-lpg,1.098,2026-04-08
777,95,1.799,2026-04-08
777,dizel,2.044,2026-04-08
777,100,2.075,2026-04-08
777,dizel-premium,2.265,2026-04-08
778,95,1.799,2026-04-08
778,dizel,2.044,2026-04-08
778,100,2.075,2026-04-08
778,dizel-premium,2.265,2026-04-08
781,95,1.799,2026-04-08
781,dizel,2.044,2026-04-08
781,100,2.075,2026-04-08
781,dizel-premium,2.265,2026-04-08
781,avtoplin-lpg,1.098,2026-04-08
782,95,1.799,2026-04-08
782,dizel,2.044,2026-04-08
782,100,2.075,2026-04-08
782,dizel-premium,2.265,2026-04-08
782,avtoplin-lpg,1.098,2026-04-08
790,95,1.799,2026-04-08
790,dizel,2.044,2026-04-08
790,100,2.075,2026-04-08
790,dizel-premium,2.265,2026-04-08
791,95,1.799,2026-04-08
791,dizel,2.044,2026-04-08
791,100,2.075,2026-04-08
791,dizel-premium,2.265,2026-04-08
791,avtoplin-lpg,1.098,2026-04-08
844,95,1.799,2026-04-08
844,dizel,2.044,2026-04-08
844,100,2.075,2026-04-08
844,dizel-premium,2.265,2026-04-08
844,avtoplin-lpg,1.098,2026-04-08
845,95,1.799,2026-04-08
845,dizel,2.044,2026-04-08
845,100,2.075,2026-04-08
845,dizel-premium,2.265,2026-04-08
845,avtoplin-lpg,1.098,2026-04-08
847,95,1.799,2026-04-08
847,dizel,2.044,2026-04-08
847,dizel-premium,2.265,2026-04-08
847,avtoplin-lpg,1.098,2026-04-08
848,95,1.799,2026-04-08
848,dizel,2.044,2026-04-08
848,dizel-premium,2.265,2026-04-08
848,avtoplin-lpg,1.098,2026-04-08
1559,95,1.799,2026-04-08
1559,dizel,2.044,2026-04-08
1559,100,2.075,2026-04-08
1559,dizel-premium,2.265,2026-04-08
1559,avtoplin-lpg,1.098,2026-04-08
1923,95,1.846,2026-04-08
1923,dizel,2.079,2026-04-08
1923,100,2.026,2026-04-08
1923,avtoplin-lpg,1.109,2026-04-08
1945,95,1.846,2026-04-08
1945,dizel,2.079,2026-04-08
1945,100,2.026,2026-04-08
1945,avtoplin-lpg,1.109,2026-04-08
1949,95,1.846,2026-04-08
1949,dizel,2.079,2026-04-08
1949,100,2.026,2026-04-08
1949,dizel-premium,2.491,2026-04-08
1949,avtoplin-lpg,1.109,2026-04-08
1976,95,1.846,2026-04-08
1976,dizel,2.079,2026-04-08
1976,100,2.026,2026-04-08
1976,avtoplin-lpg,1.109,2026-04-08
1977,95,1.846,2026-04-08
1977,dizel,2.079,2026-04-08
1977,100,2.026,2026-04-08
1977,dizel-premium,2.491,2026-04-08
1977,avtoplin-lpg,1.109,2026-04-08
1978,95,1.846,2026-04-08
1978,dizel,2.079,2026-04-08
1978,100,2.026,2026-04-08
1978,dizel-premium,2.491,2026-04-08
1978,avtoplin-lpg,1.109,2026-04-08
1997,95,1.846,2026-04-08
1997,dizel,2.079,2026-04-08
1997,100,2.026,2026-04-08
1997,dizel-premium,2.491,2026-04-08
1997,avtoplin-lpg,0.879,2026-04-08
2000,95,1.846,2026-04-08
2000,dizel,2.079,2026-04-08
2000,100,2.026,2026-04-08
2000,dizel-premium,2.491,2026-04-08
2000,avtoplin-lpg,1.109,2026-04-08
2008,95,1.846,2026-04-08
2008,dizel,2.079,2026-04-08
2008,100,2.026,2026-04-08
2008,avtoplin-lpg,0.879,2026-04-08
2009,95,1.846,2026-04-08
2009,dizel,2.079,2026-04-08
2009,100,2.026,2026-04-08
2009,dizel-premium,2.491,2026-04-08
2009,avtoplin-lpg,1.109,2026-04-08
2018,95,1.846,2026-04-08
2018,dizel,2.079,2026-04-08
2018,100,2.026,2026-04-08
2018,avtoplin-lpg,1.109,2026-04-08
2019,95,1.846,2026-04-08
2019,dizel,2.079,2026-04-08
2019,100,2.026,2026-04-08
2019,avtoplin-lpg,0.879,2026-04-08
2026,95,1.846,2026-04-08
2026,dizel,2.079,2026-04-08
2026,100,2.026,2026-04-08
2026,avtoplin-lpg,1.109,2026-04-08
2027,95,1.846,2026-04-08
2027,dizel,2.079,2026-04-08
2027,100,2.026,2026-04-08
2027,dizel-premium,2.491,2026-04-08
2027,avtoplin-lpg,1.109,2026-04-08
2030,95,1.846,2026-04-08
2030,dizel,2.079,2026-04-08
2030,100,2.026,2026-04-08
2030,avtoplin-lpg,1.109,2026-04-08
2031,95,1.846,2026-04-08
2031,dizel,2.079,2026-04-08
2031,100,2.026,2026-04-08
2031,avtoplin-lpg,1.109,2026-04-08
2059,95,1.846,2026-04-08
2059,dizel,2.079,2026-04-08
2059,100,2.026,2026-04-08
2059,dizel-premium,2.491,2026-04-08
2059,avtoplin-lpg,1.109,2026-04-08
2059,hvo,3.407,2026-04-08
2059,cng,1.375,2026-04-08
2060,95,1.846,2026-04-08
2060,dizel,2.079,2026-04-08
2060,100,2.026,2026-04-08
2060,dizel-premium,2.491,2026-04-08
2060,avtoplin-lpg,1.109,2026-04-08
2060,hvo,3.407,2026-04-08
2060,cng,1.375,2026-04-08
2088,95,1.846,2026-04-08
2088,dizel,2.079,2026-04-08
2088,100,2.026,2026-04-08
2088,dizel-premium,2.491,2026-04-08
2088,avtoplin-lpg,1.109,2026-04-08
2089,95,1.846,2026-04-08
2089,dizel,2.079,2026-04-08
2089,100,2.026,2026-04-08
2089,dizel-premium,2.491,2026-04-08
2089,avtoplin-lpg,1.109,2026-04-08
2095,95,1.846,2026-04-08
2095,dizel,2.079,2026-04-08
2095,100,2.026,2026-04-08
2095,dizel-premium,2.491,2026-04-08
2095,avtoplin-lpg,0.879,2026-04-08
2096,95,1.846,2026-04-08
2096,dizel,2.079,2026-04-08
2096,100,2.026,2026-04-08
2096,dizel-premium,2.491,2026-04-08
2096,avtoplin-lpg,1.109,2026-04-08
2100,95,1.846,2026-04-08
2100,dizel,2.079,2026-04-08
2100,100,2.026,2026-04-08
2100,avtoplin-lpg,1.109,2026-04-08
2101,95,1.846,2026-04-08
2101,dizel,2.079,2026-04-08
2101,100,2.026,2026-04-08
2101,avtoplin-lpg,1.109,2026-04-08
2120,95,1.846,2026-04-08
2120,dizel,2.079,2026-04-08
2120,100,2.026,2026-04-08
2120,avtoplin-lpg,1.109,2026-04-08
2123,95,1.846,2026-04-08
2123,dizel,2.079,2026-04-08
2123,100,2.026,2026-04-08
2123,dizel-premium,2.491,2026-04-08
2123,avtoplin-lpg,1.109,2026-04-08
2141,95,1.846,2026-04-08
2141,dizel,2.079,2026-04-08
2141,100,2.026,2026-04-08
2141,dizel-premium,2.491,2026-04-08
2141,avtoplin-lpg,0.879,2026-04-08
2162,95,1.846,2026-04-08
2162,dizel,2.079,2026-04-08
2162,100,2.026,2026-04-08
2162,dizel-premium,2.491,2026-04-08
2162,avtoplin-lpg,0.879,2026-04-08
2175,95,1.846,2026-04-08
2175,dizel,2.079,2026-04-08
2175,100,2.026,2026-04-08
2175,avtoplin-lpg,1.109,2026-04-08
2176,95,1.846,2026-04-08
2176,dizel,2.079,2026-04-08
2176,100,2.026,2026-04-08
2176,avtoplin-lpg,1.109,2026-04-08
2201,95,1.846,2026-04-08
2201,dizel,2.079,2026-04-08
2201,100,2.026,2026-04-08
2201,avtoplin-lpg,1.109,2026-04-08
2202,95,1.846,2026-04-08
2202,dizel,2.079,2026-04-08
2202,100,2.026,2026-04-08
2202,avtoplin-lpg,1.109,2026-04-08
2216,95,1.846,2026-04-08
2216,dizel,2.079,2026-04-08
2216,100,2.026,2026-04-08
2216,dizel-premium,2.491,2026-04-08
2216,avtoplin-lpg,1.109,2026-04-08
2229,95,1.846,2026-04-08
2229,dizel,2.079,2026-04-08
2229,100,2.026,2026-04-08
2229,dizel-premium,2.491,2026-04-08
2229,avtoplin-lpg,1.109,2026-04-08
2230,95,1.846,2026-04-08
2230,dizel,2.079,2026-04-08
2230,100,2.026,2026-04-08
2230,dizel-premium,2.491,2026-04-08
2230,avtoplin-lpg,1.109,2026-04-08
2231,95,1.846,2026-04-08
2231,dizel,2.079,2026-04-08
2231,100,2.026,2026-04-08
2231,dizel-premium,2.491,2026-04-08
2231,avtoplin-lpg,1.109,2026-04-08
2232,95,1.846,2026-04-08
2232,dizel,2.079,2026-04-08
2232,100,2.026,2026-04-08
2232,dizel-premium,2.491,2026-04-08
2232,avtoplin-lpg,1.109,2026-04-08
784,dizel,1.894,2026-04-08
785,dizel,1.894,2026-04-08
786,dizel,1.894,2026-04-08
788,dizel,1.894,2026-04-08
2258,dizel,1.894,2026-04-08
2259,dizel,1.894,2026-04-08
2260,dizel,1.894,2026-04-08
2261,dizel,1.894,2026-04-08
2262,dizel,1.894,2026-04-08
2263,dizel,1.894,2026-04-08
2264,dizel,1.894,2026-04-08
2265,dizel,1.894,2026-04-08
2273,dizel,1.894,2026-04-08
2275,dizel,1.894,2026-04-08
2276,dizel,1.894,2026-04-08
2312,dizel,1.894,2026-04-08
2312,avtoplin-lpg,0.8,2026-04-08
2312,KOEL,1.555,2026-04-08
2318,dizel,1.807,2026-04-08
2319,dizel,1.894,2026-04-08
2319,KOEL,1.553,2026-04-08
2320,dizel,1.186,2026-04-08
2320,KOEL,0.95,2026-04-08
2321,dizel,1.894,2026-04-08
2321,KOEL,1.555,2026-04-08
2322,dizel,1.894,2026-04-08
2326,dizel,1.807,2026-04-08
2326,KOEL,1.456,2026-04-08
2329,avtoplin-lpg,0.79,2026-04-08
2330,avtoplin-lpg,0.79,2026-04-08
2331,dizel,1.894,2026-04-08
2333,avtoplin-lpg,1.029,2026-04-08
